{
    "0.05": {
        "avg_nrmse": 0.012041809769646816,
        "nrmse_std": 0.000923365932967497
    },
    "0.1": {
        "avg_nrmse": 0.0086458651507498,
        "nrmse_std": 0.0006728179090662847
    },
    "0.15000000000000002": {
        "avg_nrmse": 0.00618860580068641,
        "nrmse_std": 0.0006423251569579758
    },
    "0.2": {
        "avg_nrmse": 0.004799513953853972,
        "nrmse_std": 0.00046459514088496363
    },
    "0.25": {
        "avg_nrmse": 0.0041158018144580935,
        "nrmse_std": 0.0003540524446627928
    },
    "0.3": {
        "avg_nrmse": 0.0036671113570797553,
        "nrmse_std": 0.00035077255112348377
    },
    "0.35000000000000003": {
        "avg_nrmse": 0.0033242012333172784,
        "nrmse_std": 0.0003500869874552007
    },
    "0.4": {
        "avg_nrmse": 0.0030278204561451586,
        "nrmse_std": 0.000348035072450139
    },
    "0.45": {
        "avg_nrmse": 0.0027778597439098835,
        "nrmse_std": 0.0003333923892696086
    },
    "0.5": {
        "avg_nrmse": 0.002570140234412648,
        "nrmse_std": 0.0003145633389046705
    },
    "0.55": {
        "avg_nrmse": 0.00240888499514225,
        "nrmse_std": 0.00031296405142284113
    },
    "0.6000000000000001": {
        "avg_nrmse": 0.0022699933254015413,
        "nrmse_std": 0.0003294920136019232
    },
    "0.6500000000000001": {
        "avg_nrmse": 0.002159699341096347,
        "nrmse_std": 0.00036359114692726026
    },
    "0.7000000000000001": {
        "avg_nrmse": 0.002088906153578808,
        "nrmse_std": 0.0004452291550566628
    },
    "0.7500000000000001": {
        "avg_nrmse": 0.002069365169986006,
        "nrmse_std": 0.0006125750508203937
    },
    "0.8": {
        "avg_nrmse": 0.002083248924648301,
        "nrmse_std": 0.0008231532725366034
    },
    "0.8500000000000001": {
        "avg_nrmse": 0.0021432254544801075,
        "nrmse_std": 0.0010707087364900697
    },
    "0.9000000000000001": {
        "avg_nrmse": 0.002354839854116101,
        "nrmse_std": 0.0013861410881750571
    },
    "0.9500000000000001": {
        "avg_nrmse": 0.002747660421827184,
        "nrmse_std": 0.00176473444739296
    },
    "1.0": {
        "avg_nrmse": 0.003399062618143616,
        "nrmse_std": 0.0021701839814275616
    },
    "1.05": {
        "avg_nrmse": 0.00509290105383652,
        "nrmse_std": 0.002685396471118073
    },
    "1.1": {
        "avg_nrmse": 0.009489691448752363,
        "nrmse_std": 0.006546635643295906
    }
}