{
    "0.05": {
        "avg_nrmse": 0.00560639673120173,
        "nrmse_std": 0.0011548361145789954
    },
    "0.1": {
        "avg_nrmse": 0.0041186832227965075,
        "nrmse_std": 0.0010839431098951125
    },
    "0.15000000000000002": {
        "avg_nrmse": 0.0033977196843272455,
        "nrmse_std": 0.0009698996417102892
    },
    "0.2": {
        "avg_nrmse": 0.002942526160033419,
        "nrmse_std": 0.0008058810483942005
    },
    "0.25": {
        "avg_nrmse": 0.002621209787974567,
        "nrmse_std": 0.0006593611557383103
    },
    "0.3": {
        "avg_nrmse": 0.002420596388464254,
        "nrmse_std": 0.0005500525513569664
    },
    "0.35000000000000003": {
        "avg_nrmse": 0.0022981532080026705,
        "nrmse_std": 0.0004622867567344416
    },
    "0.4": {
        "avg_nrmse": 0.00222959805262347,
        "nrmse_std": 0.00040203900078704987
    },
    "0.45": {
        "avg_nrmse": 0.002253379460624095,
        "nrmse_std": 0.0004043686122338125
    },
    "0.5": {
        "avg_nrmse": 0.0023561023936762133,
        "nrmse_std": 0.00044406884798020894
    },
    "0.55": {
        "avg_nrmse": 0.0025309481365615805,
        "nrmse_std": 0.0005153467058191528
    },
    "0.6000000000000001": {
        "avg_nrmse": 0.0028106869458612736,
        "nrmse_std": 0.0006482184268349559
    },
    "0.6500000000000001": {
        "avg_nrmse": 0.003187174994243041,
        "nrmse_std": 0.0008506780581977519
    },
    "0.7000000000000001": {
        "avg_nrmse": 0.0036161918441879387,
        "nrmse_std": 0.0010585975235075978
    },
    "0.7500000000000001": {
        "avg_nrmse": 0.004146216306137587,
        "nrmse_std": 0.0012619887680341338
    },
    "0.8": {
        "avg_nrmse": 0.004896698437653618,
        "nrmse_std": 0.001535200855028163
    },
    "0.8500000000000001": {
        "avg_nrmse": 0.006006517030389033,
        "nrmse_std": 0.0018679227717314816
    },
    "0.9000000000000001": {
        "avg_nrmse": 0.00768596630876245,
        "nrmse_std": 0.0023162226368564514
    },
    "0.9500000000000001": {
        "avg_nrmse": 0.009995303226604775,
        "nrmse_std": 0.0032737811804754054
    },
    "1.0": {
        "avg_nrmse": 0.01318144000799025,
        "nrmse_std": 0.004958353112366311
    },
    "1.05": {
        "avg_nrmse": 0.017599180850786468,
        "nrmse_std": 0.007219213801587693
    },
    "1.1": {
        "avg_nrmse": 0.023142004099108552,
        "nrmse_std": 0.009232683266319987
    }
}