{
    "avg_nrmse": 0.00197529041500945,
    "nrmse_std": 0.0002778961079900581,
    "nrmse_list": [
        0.0026887004763247527,
        0.0019079248056621202,
        0.002416763852639254,
        0.002311742935584548,
        0.0020361946545478763,
        0.0018959224367638338,
        0.0018089930596916885,
        0.0016181750178095595,
        0.0017269357282510295,
        0.0020092798535126287,
        0.002110150732063419,
        0.0016353558149821404,
        0.002217081891152139,
        0.0022030056509315817,
        0.0018028765183230576,
        0.0017423353981452833,
        0.001644999738966007,
        0.0018104378060340932,
        0.002082103098936531,
        0.0018368288298674538
    ],
    "avg_sr_list": [
        0.5,
        0.5013676180322579,
        0.5027051970409352,
        0.5040418469487632,
        0.5053718727968969,
        0.5066954307571033,
        0.5080140342346484,
        0.5093446580160179,
        0.5106691776174289,
        0.5119986087206416,
        0.5133352561611082,
        0.5146985650141848,
        0.5160551222154911,
        0.5174050802843039,
        0.5187485833614514,
        0.5200857682523172,
        0.5214167652853422,
        0.5227416990263086,
        0.5240606888783352,
        0.5253738495902415,
        0.5266812916906288,
        0.5279831218611567,
        0.5293134443885363,
        0.5306384328313731,
        0.5319578912416573,
        0.533271911966869,
        0.5345805850078056,
        0.5358839981614251,
        0.5371822371473058,
        0.5384753857200049,
        0.539763525769198,
        0.5410467374090719,
        0.5423250990582811,
        0.5435986875114454,
        0.5448675780030496,
        0.5461318442644478,
        0.5473915585745329,
        0.548646791804549,
        0.5498976134574628,
        0.5511459501774246,
        0.5523971229862084,
        0.5536438999387074,
        0.5548863478665387,
        0.5561245322617671,
        0.557358517303075,
        0.5585883658778141,
        0.5598141396001832,
        0.5610358988257671,
        0.5622537026626591,
        0.5634676089794108,
        0.5646776744100818
    ],
    "sr_std_list": [
        0.0,
        0.00038188516040432485,
        0.0006913404303041821,
        0.0010064187925599747,
        0.0013226569999723052,
        0.0016383855626358314,
        0.0019523331190616313,
        0.0022572044837546644,
        0.0025630741863519693,
        0.0028482207920840635,
        0.003113156237604933,
        0.0033363214844794103,
        0.003567525405021898,
        0.003805033268450762,
        0.004047502640338571,
        0.00429388942047319,
        0.004543375969176275,
        0.004795316931694694,
        0.005049198632989675,
        0.005304608651066257,
        0.005561212947966519,
        0.005818738594741398,
        0.006029604683617109,
        0.006243549344324315,
        0.006460553475313252,
        0.006680232860840263,
        0.0069022485710550805,
        0.007126300969819536,
        0.007352124495041011,
        0.007579483133610035,
        0.007808166511186442,
        0.008037986520240755,
        0.008268774415789914,
        0.00850037831536499,
        0.008732661047218346,
        0.008965498297896104,
        0.009198777016893738,
        0.009432394042075975,
        0.009666254914712891,
        0.009901393899926643,
        0.01014099000318286,
        0.010380614417599902,
        0.010620185014409079,
        0.010859626049346234,
        0.011098867486398007,
        0.01133784441536341,
        0.011576496550607737,
        0.011814767800112985,
        0.01205260589541732,
        0.012289962074237416,
        0.012526790808707134
    ]
}