{
    "avg_nrmse": 0.0024717523687236807,
    "nrmse_std": 0.000559457344398087,
    "nrmse_list": [
        0.0033731348334371998,
        0.002012027373555613,
        0.003885024344770515,
        0.0027584211011894475,
        0.0022075430618852692,
        0.0023099542358357562,
        0.0024918287063778626,
        0.0020036370941456903,
        0.002032168227090871,
        0.0028172529407400142,
        0.003201370923555557,
        0.0018349867988337477,
        0.0029862406367271222,
        0.002788931386257415,
        0.0019861713259852307,
        0.0018639309646466809,
        0.0017708381217519404,
        0.0021429781031138645,
        0.0025851321910418906,
        0.0023834750035319346
    ],
    "avg_sr_list": [
        0.5,
        0.4999174641446647,
        0.49986256321822164,
        0.49988534440543314,
        0.4999433543850286,
        0.5000918791204859,
        0.5003803153308852,
        0.5007367720714415,
        0.5011228942385003,
        0.5016397359380084,
        0.5021858938913752
    ],
    "sr_std_list": [
        0.0,
        0.000986564904960502,
        0.0018674345925758953,
        0.002692437215347598,
        0.003535870303615886,
        0.004433955358911322,
        0.005500669682778361,
        0.006694979669710022,
        0.007943485167818903,
        0.00927809390281424,
        0.010705407524609311
    ]
}