{
    "avg_nrmse": 0.0023561023936762133,
    "nrmse_std": 0.00044406884798020894,
    "nrmse_list": [
        0.0035718569578853353,
        0.0021080547913063384,
        0.003246851431064913,
        0.0024445603219435206,
        0.0021955129938106776,
        0.0021443076914186457,
        0.002401437307085548,
        0.0020389426903528974,
        0.002052112663316711,
        0.002522847394572166,
        0.0025772794890992273,
        0.001742945961365151,
        0.0027583857046515627,
        0.002693385796029195,
        0.0018823036639868736,
        0.0020053816637532512,
        0.0018839797541587405,
        0.002175710020588463,
        0.0023907278279807487,
        0.002285463749154298
    ]
}