{
    "avg_nrmse": 0.013118603170493145,
    "nrmse_std": 0.004904198267467915,
    "nrmse_list": [
        0.01323721843130389,
        0.015325614773308271,
        0.019573069167264215,
        0.009342498650061594,
        0.013144160620484275,
        0.02594172128685275,
        0.018873436377075396,
        0.0125551896985389,
        0.00879053010277876,
        0.011404285554441345,
        0.013567982217680246,
        0.009959246339079755,
        0.014822137678886203,
        0.019825778339779016,
        0.014997818249873904,
        0.006515627547181878,
        0.01058409970547397,
        0.006087982749599818,
        0.007457548063178421,
        0.01036611785702031
    ],
    "avg_sr_list": [
        0.5,
        1.0600840491402896,
        1.0592830795080626,
        1.0580568905916583,
        1.0566789338989515,
        1.0565030487180942,
        1.0600930882352362,
        1.0683561773252315,
        1.0826086735193434,
        1.1018500294330873,
        1.129373109594792
    ],
    "sr_std_list": [
        0.0,
        0.03808389148729567,
        0.03685594187425073,
        0.03512915362448381,
        0.03217904686788289,
        0.02866394953598413,
        0.030091884538204723,
        0.043948462711853986,
        0.06780719933069636,
        0.09749698296506827,
        0.12688541857845004
    ]
}