{
    "avg_nrmse": 0.003681676406242649,
    "nrmse_std": 0.0019645723039381654,
    "nrmse_list": [
        0.009747868451714284,
        0.0017671900593019653,
        0.00611688305387869,
        0.0033967285348506307,
        0.002725339431517861,
        0.0035370150240834532,
        0.006343809629817127,
        0.004773667242783468,
        0.0017869821863238005,
        0.0022350322615650128,
        0.0050058941792028525,
        0.0021857726550695814,
        0.002548134472772526,
        0.004974019425596146,
        0.0043842918253647715,
        0.0026281789912102394,
        0.002838595485511847,
        0.0021910720308860702,
        0.0020198065849932555,
        0.0024272465984093816
    ],
    "avg_sr_list": [
        0.5,
        0.500790132539737,
        0.5071717085767214,
        0.528516815751673,
        0.6019869500531377,
        0.7262463097400979,
        0.8606785739492947,
        0.9964896374065901,
        1.1196244789932628,
        1.2301785079823961,
        1.3286850749100707
    ],
    "sr_std_list": [
        0.0,
        0.006546222692344249,
        0.014020258201937072,
        0.04656838196869527,
        0.10653318438053423,
        0.14514191082597164,
        0.16627494504119528,
        0.17586347678016878,
        0.18831945148376006,
        0.1927490167819952,
        0.19016678669936757
    ]
}