{
    "avg_nrmse": 0.0017805874940597485,
    "nrmse_std": 0.000273096133863737,
    "nrmse_list": [
        0.002892878864755801,
        0.0016571939238497395,
        0.0019228628527758358,
        0.0016975037590890578,
        0.0018085340498141817,
        0.0016945725785362418,
        0.0017456412295308872,
        0.0017480672463038216,
        0.0015907019158654405,
        0.0017517219216502237,
        0.0018182178657735308,
        0.0015267744881598195,
        0.0017248234006971138,
        0.001879554814777741,
        0.001648013349596249,
        0.0016002779950827154,
        0.001595268426948043,
        0.0017432723520148148,
        0.0017744693648007314,
        0.0017913994811729807
    ],
    "avg_sr_list": [
        0.5,
        0.4994925718258373,
        0.5011327008790899,
        0.5031878494927001,
        0.5065353022203731,
        0.5123033494371725,
        0.5201464120724267,
        0.5331708371270036,
        0.5526783765995825,
        0.5751238262022567,
        0.5994617350170083
    ],
    "sr_std_list": [
        0.0,
        0.00432473728696932,
        0.00845757938775856,
        0.012739048578360534,
        0.016781894371847732,
        0.024608385984172747,
        0.03760048558878857,
        0.05475186302552031,
        0.07401374328934499,
        0.0939526598500474,
        0.11332850120002173
    ]
}