{
    "0.05": {
        "avg_nrmse": 0.8129048718444514,
        "nrmse_std": 0.0003448122221316897
    },
    "0.1": {
        "avg_nrmse": 0.8119420566584017,
        "nrmse_std": 0.00048459026355609684
    },
    "0.15000000000000002": {
        "avg_nrmse": 0.8116510597466242,
        "nrmse_std": 0.00045823284450351555
    },
    "0.2": {
        "avg_nrmse": 0.8097823074204232,
        "nrmse_std": 0.0007663767225550578
    },
    "0.25": {
        "avg_nrmse": 0.8053937463821761,
        "nrmse_std": 0.00231885678030883
    },
    "0.3": {
        "avg_nrmse": 0.7915896486102252,
        "nrmse_std": 0.006372034396477647
    },
    "0.35000000000000003": {
        "avg_nrmse": 0.7669685657677714,
        "nrmse_std": 0.009888395285788247
    },
    "0.4": {
        "avg_nrmse": 0.7475328518884102,
        "nrmse_std": 0.010572082758981282
    },
    "0.45": {
        "avg_nrmse": 0.7381280121493397,
        "nrmse_std": 0.008995304191561602
    },
    "0.5": {
        "avg_nrmse": 0.7339477645276213,
        "nrmse_std": 0.0062922169828391735
    },
    "0.55": {
        "avg_nrmse": 0.7324859464711597,
        "nrmse_std": 0.00513146013240551
    },
    "0.6000000000000001": {
        "avg_nrmse": 0.7321955886066304,
        "nrmse_std": 0.004964954108464848
    },
    "0.6500000000000001": {
        "avg_nrmse": 0.7323283088436087,
        "nrmse_std": 0.004958035595772295
    },
    "0.7000000000000001": {
        "avg_nrmse": 0.7325442248054191,
        "nrmse_std": 0.00500292946747448
    },
    "0.7500000000000001": {
        "avg_nrmse": 0.732635261991738,
        "nrmse_std": 0.0052626734136374835
    },
    "0.8": {
        "avg_nrmse": 0.7325898032550479,
        "nrmse_std": 0.005754644684477431
    },
    "0.8500000000000001": {
        "avg_nrmse": 0.7324572445710754,
        "nrmse_std": 0.006540679002844321
    },
    "0.9000000000000001": {
        "avg_nrmse": 0.7326103742115422,
        "nrmse_std": 0.007238532805799846
    },
    "0.9500000000000001": {
        "avg_nrmse": 0.7334485258763837,
        "nrmse_std": 0.007547680724169917
    },
    "1.0": {
        "avg_nrmse": 0.7351391025436798,
        "nrmse_std": 0.007499018359351639
    },
    "1.05": {
        "avg_nrmse": 0.7378924380129009,
        "nrmse_std": 0.006828839663695911
    },
    "1.1": {
        "avg_nrmse": 0.7421650306821995,
        "nrmse_std": 0.005360470847419922
    }
}