{
    "avg_nrmse": 0.7339477645276213,
    "nrmse_std": 0.0062922169828391735,
    "nrmse_list": [
        0.7274490547976621,
        0.7294408192415197,
        0.738853217268443,
        0.7290774846288806,
        0.7376832743384418,
        0.7264604652744386,
        0.7326512329929173,
        0.7338131956531104,
        0.7311391068623548,
        0.7386736799894871,
        0.7340728749868557,
        0.7375260798169753,
        0.7430029902005395,
        0.7265626779566555,
        0.7280504935888721,
        0.7369889466503861,
        0.7329379969972158,
        0.7406910761286564,
        0.7496247436536422,
        0.7242558795253731
    ]
}