{
    "avg_nrmse": 0.7302214562260712,
    "nrmse_std": 0.0037185363939057684,
    "nrmse_list": [
        0.7254759955218869,
        0.7273599333728851,
        0.7323678891235458,
        0.7279765121478464,
        0.7335627126705693,
        0.7252177444651378,
        0.7282729979431518,
        0.7318988125113511,
        0.7303891843954943,
        0.7326040460129085,
        0.728571532378573,
        0.7308565393280709,
        0.7298694109482823,
        0.7248973728682752,
        0.7280857384547711,
        0.73494782126366,
        0.7337965528548895,
        0.7352033193962946,
        0.7381752809905027,
        0.7248997278733278
    ],
    "avg_sr_list": [
        0.5,
        0.5018849016770803,
        0.5037479307077563,
        0.505600654518614,
        0.5074435090960832,
        0.5092768620182936,
        0.5111010292934488,
        0.5129162871297119,
        0.5147228803877029,
        0.516521028793818,
        0.5183109316014216,
        0.5200927711509151,
        0.5218667156325337,
        0.523639500353923,
        0.525406215453378,
        0.5271655114376258,
        0.5289175174157289,
        0.5306623557169745,
        0.5324001426715806,
        0.5341309892649676,
        0.5358550016903885,
        0.5375722818191154,
        0.5392829276032017,
        0.540987033422701,
        0.5426846903867955,
        0.5443759865964112,
        0.5460610073744716,
        0.5477398354687808,
        0.5494125512316299,
        0.5510792327795127,
        0.5527399561357492,
        0.5543947953583607,
        0.5560438226551688,
        0.5576871084877586,
        0.5593247216657364,
        0.560956729432451,
        0.5625831975432334,
        0.5642041903370093,
        0.56581977080205,
        0.567430000636519,
        0.5690349403043583,
        0.5706346490870222,
        0.5722291851314425,
        0.5738186054946008,
        0.5754029661849922,
        0.576982322201222,
        0.5785567275679563,
        0.5801262353693473,
        0.5816908977800993,
        0.5832507660942258,
        0.5848058907515714
    ],
    "sr_std_list": [
        0.0,
        0.00025121862911512555,
        0.00048585427285986743,
        0.000713104550152799,
        0.0009331323448995771,
        0.0011467298294825443,
        0.0013546463566920088,
        0.0015575274832400742,
        0.0017559211445280231,
        0.001950292858005926,
        0.0021410401529395945,
        0.0023285046011722226,
        0.002512981518881818,
        0.0026860197316208446,
        0.0028547312149149475,
        0.0030212541910418205,
        0.0031857257959795864,
        0.003348272651990587,
        0.003509011065234224,
        0.003668047542615432,
        0.0038254794516541482,
        0.00398139572621534,
        0.004135877565443279,
        0.004288999098522091,
        0.004440828002366573,
        0.004591426067522393,
        0.00474084971213739,
        0.004889150446358918,
        0.005036375290663479,
        0.005182567152167901,
        0.005327765163040159,
        0.005472004984954018,
        0.005615319083329726,
        0.0057577369747033175,
        0.005899285450330363,
        0.006039988778730186,
        0.006179868889641578,
        0.006318945541540738,
        0.006457236474634431,
        0.006594757551050765,
        0.006731522883689272,
        0.00686754495508046,
        0.0070028347274133556,
        0.007137401744761772,
        0.00727125422842295,
        0.007404399166177773,
        0.007536842396179277,
        0.0076685886861166605,
        0.007799641808191459,
        0.007930004610416468,
        0.008059679084678341
    ]
}