{
    "avg_nrmse": 0.731662259322004,
    "nrmse_std": 0.005218913122741392,
    "nrmse_list": [
        0.7253197193394731,
        0.727838650684116,
        0.7349075806455861,
        0.7278427503890936,
        0.7342069326353541,
        0.7261946015499194,
        0.7315878372253164,
        0.7288829909315434,
        0.7298113360770749,
        0.7371329568781924,
        0.7305654219970287,
        0.734132093511918,
        0.7406550817181546,
        0.7267156445126473,
        0.726619886192522,
        0.7325659940898294,
        0.7317835853015741,
        0.7389830408681728,
        0.7433960497377645,
        0.7241030321547991
    ],
    "avg_sr_list": [
        0.5,
        0.4999868428607712,
        0.49999044869776854,
        0.5000044269542528,
        0.5000310854093517,
        0.5002414646600439,
        0.5005521516743269,
        0.5008972303499892,
        0.5012779172370123,
        0.5016911842778036,
        0.5021314497994963
    ],
    "sr_std_list": [
        0.0,
        0.0005117122009279251,
        0.0010078680476019208,
        0.0014853191754024993,
        0.0019484521511630875,
        0.002667042205160011,
        0.003727909716696111,
        0.004939652956660659,
        0.00625238843863608,
        0.007646646758556016,
        0.00911015223342979
    ]
}