{
    "avg_nrmse": 0.7312410855751594,
    "nrmse_std": 0.008118028624997787,
    "nrmse_list": [
        0.7245407367819214,
        0.7266871862851131,
        0.7357346232056511,
        0.7263337389210582,
        0.7372963653987912,
        0.7243639187750183,
        0.7291573241108014,
        0.7249432593408935,
        0.7261129032311283,
        0.7321038809676865,
        0.726948365807738,
        0.7367625455041333,
        0.7434585424390798,
        0.7281647090765605,
        0.723200966189876,
        0.7325982506586998,
        0.7249574114940299,
        0.7439085074472777,
        0.7540313241042719,
        0.7235171517634604
    ],
    "avg_sr_list": [
        0.5,
        0.4997359460278445,
        0.49963707612769986,
        0.4998376094680653,
        0.5004550443566462,
        0.5013253894713006,
        0.5025347826137019,
        0.5041744907105995,
        0.5064057837405314,
        0.5120747913795374,
        0.5230764944441126
    ],
    "sr_std_list": [
        0.0,
        0.002322650482939626,
        0.004198965341248957,
        0.005918623843932437,
        0.00811573813438386,
        0.010963994086982658,
        0.014836373267031867,
        0.020173198302948125,
        0.0271559550019138,
        0.035914903770407826,
        0.050699845993075025
    ]
}