{
    "avg_nrmse": 0.7214142841139586,
    "nrmse_std": 0.006534814415118035,
    "nrmse_list": [
        0.721716235674544,
        0.7145102990573329,
        0.7238278502284263,
        0.7148727340659159,
        0.7329140291400532,
        0.7168666196884733,
        0.7257875407566685,
        0.7203669486978322,
        0.7147014871112223,
        0.725748753004119,
        0.724073065483408,
        0.7240660627011232,
        0.7142942525879988,
        0.7199730852177305,
        0.7171806852767331,
        0.7271669956984428,
        0.7197098153689095,
        0.7327811037416386,
        0.730215239810685,
        0.7075128789679155
    ],
    "avg_sr_list": [
        0.5,
        1.041142609378342,
        1.030873889795145,
        1.0229276264336713,
        1.0179421988115325,
        1.0142449532671376,
        1.0116308590366019,
        1.0094848693777565,
        1.007817866020342,
        1.0063214460622605,
        1.0049373478144552
    ],
    "sr_std_list": [
        0.0,
        0.02820092331459519,
        0.024952826187720944,
        0.023791849099127616,
        0.023616152622037704,
        0.023569395568599678,
        0.02300834008064104,
        0.02255327553626166,
        0.02192954741649309,
        0.021345783648345433,
        0.02084197854306414
    ]
}