{
    "avg_nrmse": 0.7356494165586064,
    "nrmse_std": 0.007005399134575179,
    "nrmse_list": [
        0.7282543556922944,
        0.7298244221478617,
        0.7392742656272352,
        0.7298164193247035,
        0.7398271462200183,
        0.7276160778431041,
        0.7347379054594517,
        0.7359574257180291,
        0.7328543600959821,
        0.7421889101465003,
        0.7355812482440889,
        0.7407183927027682,
        0.7439528658994189,
        0.7270115762371221,
        0.7292692264620688,
        0.7398363853418425,
        0.7349493608806462,
        0.744595882996295,
        0.7523164980154676,
        0.7244056061172288
    ],
    "avg_sr_list": [
        0.5,
        0.5000791604988655,
        0.5001602171882562,
        0.5002456659240709,
        0.5003319166041806,
        0.5004191627938972,
        0.5005071716679073,
        0.5005961563338247,
        0.5006858938502416,
        0.500776711095482,
        0.5008685825493503
    ],
    "sr_std_list": [
        0.0,
        0.000216608347458167,
        0.0004303333749343736,
        0.0006534075330861282,
        0.0008818583784624665,
        0.0011158224196341957,
        0.001355064669685501,
        0.0016000307291818602,
        0.0018510387231105456,
        0.0021087692734258986,
        0.002372773606686587
    ]
}