{
    "avg_nrmse": 0.0035248296725103366,
    "nrmse_std": 0.0020390576301141075,
    "nrmse_list": [
        0.0033283328644809445,
        0.0039050973024613365,
        0.0030658251150453035,
        0.0016075446973361524,
        0.0035711648329036037,
        0.007357723930934806,
        0.0035931041856975673,
        0.0035833360054705514,
        0.0021219957875785182,
        0.005444083630983989,
        0.001861377976218206,
        0.005754881824240052,
        0.0030932847568367395,
        0.0015551199410459916,
        0.002403477719259996,
        0.0050651883077652005,
        0.0011420768543438382,
        0.008965102355142853,
        0.0012795997998422647,
        0.001798275562618814
    ],
    "avg_sr_list": [
        0.5,
        1.0443842074848928,
        1.0363400154511306,
        1.0313382584963193,
        1.0287867845882623,
        1.0273178350724088,
        1.0266435872845667,
        1.0266323023632566,
        1.0279225596376205,
        1.0297691286361386,
        1.0320462879901449
    ],
    "sr_std_list": [
        0.0,
        0.025268060046028912,
        0.0238792105254321,
        0.024761345998486787,
        0.025146246606400764,
        0.026551002970064554,
        0.02892758033228315,
        0.03244166286239777,
        0.0373252934315527,
        0.04404693433526217,
        0.05282048825643749
    ]
}