{
    "avg_nrmse": 0.0025791390577574744,
    "nrmse_std": 0.00031568053488608447,
    "nrmse_list": [
        0.002220886508203408,
        0.0022499797418695975,
        0.0027776451804248934,
        0.0021877131730577396,
        0.0028482118246214196,
        0.0033723947898564276,
        0.0023737926405902636,
        0.0023877038081414046,
        0.0026488739377899346,
        0.0027253982519033233,
        0.002239853933501982,
        0.00273378522599223,
        0.0025415724834018916,
        0.0024746889945886598,
        0.0023538174295813833,
        0.0026432600568221665,
        0.0022384737172019753,
        0.0029342247520806456,
        0.003129243034651171,
        0.0025012616708689705
    ],
    "avg_sr_list": [
        0.5,
        0.49998762207879655,
        0.49997490440064096,
        0.4999676281414528,
        0.49996148394131507,
        0.4999561104783739,
        0.4999514286322285,
        0.49994746077590746,
        0.49994419488298414,
        0.49994163134048153,
        0.49999301199718327
    ],
    "sr_std_list": [
        0.0,
        0.00019272453548049094,
        0.00037637135405023365,
        0.0005622610801039186,
        0.0007434702450666001,
        0.0009212150361583316,
        0.0010958845387036295,
        0.0012670613125292669,
        0.0014343062582735714,
        0.0015978293188530907,
        0.0018124594965292643
    ]
}