{
    "avg_nrmse": 0.0020902996945714827,
    "nrmse_std": 0.00023196527376576767,
    "nrmse_list": [
        0.0018596186750933792,
        0.001817560588907166,
        0.002393795219487459,
        0.0020682346315159376,
        0.002346365766389488,
        0.0024618489030828593,
        0.002204218302075591,
        0.0017875815646181663,
        0.0019491635523676346,
        0.0021619523489956544,
        0.0017887634668897969,
        0.002216977088984846,
        0.002136312741150865,
        0.0017905091472687174,
        0.0019539756855656244,
        0.0022753394152368856,
        0.0017645431080243379,
        0.0024751120626070205,
        0.00220563942963542,
        0.0021484821935328015
    ],
    "avg_sr_list": [
        0.5,
        0.49957542023140294,
        0.5009621876358881,
        0.5041236960107487,
        0.5101623103266811,
        0.5308274626161281,
        0.5744842212689163,
        0.6184676742301292,
        0.6728657698522877,
        0.7404207712666143,
        0.813803773889519
    ],
    "sr_std_list": [
        0.0,
        0.004358259233476456,
        0.010639723583249982,
        0.021207705088939027,
        0.038910242182911545,
        0.06874040146699176,
        0.11668485929005161,
        0.16454846223194092,
        0.20699092834627758,
        0.23989795331352093,
        0.26801555980067243
    ]
}