{
    "avg_nrmse": 0.002132635231060659,
    "nrmse_std": 0.000297162647185918,
    "nrmse_list": [
        0.0018210744504893628,
        0.0019246625935805427,
        0.0022577022190668765,
        0.0017795872497151722,
        0.0021876343698289022,
        0.002933688392733663,
        0.0019430738068475905,
        0.0019387695497363414,
        0.0022581742101945553,
        0.0020699000568419755,
        0.0016965624167546217,
        0.002132578685791358,
        0.0021426702657550267,
        0.0020337281165345713,
        0.001946828859024468,
        0.0022206229272011967,
        0.0020221511079096793,
        0.0025185828634332642,
        0.0027186424609086865,
        0.002106070018865319
    ],
    "avg_sr_list": [
        0.5,
        0.5018788112521745,
        0.5037348322759378,
        0.5055798180270406,
        0.5074143329404984,
        0.509238840645199,
        0.5110537309668226,
        0.5128593381852722,
        0.5146559537806519,
        0.516443835577071,
        0.5182232144580006,
        0.5199942994000815,
        0.5217572813150941,
        0.5235131180725053,
        0.5252680917596677,
        0.5270154955969983,
        0.5287554724175563,
        0.530488156891922,
        0.5322136765382783,
        0.5339321525613472,
        0.535643700555041,
        0.5373484310955249,
        0.5390464502453985,
        0.5407378599852086,
        0.5424227585850687,
        0.544101240926582,
        0.545773398783235,
        0.5474393210658953,
        0.5490990940388012,
        0.5507528015104615,
        0.552400525003136,
        0.554042343903942,
        0.5556783356001354,
        0.5573085756007066,
        0.558933137646129,
        0.56055209380778,
        0.5621655145783896,
        0.5637734689546068,
        0.5653760245126767,
        0.5669732474780256,
        0.5685652027894414,
        0.5701519541584247,
        0.5717335641241489,
        0.5733100941044003,
        0.574881604442735,
        0.576448154452011,
        0.5780098024543874,
        0.5795666058177722,
        0.5811187601090597,
        0.5826707846922812,
        0.5842181140780703
    ],
    "sr_std_list": [
        0.0,
        0.0002929195921870598,
        0.0005663854860470019,
        0.000829816520457226,
        0.0010840275213624374,
        0.0013302047699840945,
        0.0015693815932524432,
        0.0018024192120165373,
        0.0020300340451141446,
        0.0022528258901007305,
        0.0024713010058735906,
        0.0026858901774475022,
        0.0028969627534139743,
        0.003103857212414004,
        0.0032992716897970085,
        0.003492094116666074,
        0.0036825056013204214,
        0.003870670133415325,
        0.004056735981954723,
        0.004240837138968107,
        0.004423094704930819,
        0.004603618169495213,
        0.004782506571121159,
        0.004959849534647756,
        0.005135728193400125,
        0.005310216005758208,
        0.005483379477174776,
        0.005655278798497624,
        0.005825968410802895,
        0.005995497505936243,
        0.0061639104710659275,
        0.006331247284449514,
        0.006497543868829498,
        0.00666283240796546,
        0.006827141631165165,
        0.006990497069986643,
        0.007152921290774484,
        0.007314434106196895,
        0.007475052768555998,
        0.007634792147260845,
        0.007793664892584498,
        0.007951681587538801,
        0.008108850889445754,
        0.008265179662659194,
        0.008420673103625771,
        0.00857533485938513,
        0.008729167140455374,
        0.008882170828928237,
        0.009034326609279887,
        0.009185051607933934,
        0.009334997166303262
    ]
}