{
    "avg_nrmse": 0.002570140234412648,
    "nrmse_std": 0.0003145633389046705,
    "nrmse_list": [
        0.0022293817698070695,
        0.0022494697517470696,
        0.002799386272194067,
        0.002238426995929446,
        0.0028321284485460004,
        0.0034074425046015885,
        0.002342425849882045,
        0.0023855423201601554,
        0.002606609481106643,
        0.0026614904060834966,
        0.00222857585564903,
        0.0028314625229009694,
        0.0025545503203362276,
        0.0023753826308431833,
        0.0023565388111517122,
        0.0026146857280532508,
        0.002242873889230878,
        0.0029723071573652484,
        0.002998638294374843,
        0.0024754856782900395
    ]
}