{
    "avg_nrmse": 0.0022530889379070336,
    "nrmse_std": 0.00018460188469192134,
    "nrmse_list": [
        0.001988753704651387,
        0.0021230561067593664,
        0.0026002924862653207,
        0.002089047680577257,
        0.0022667574056111947,
        0.002717317730419109,
        0.002132776587434729,
        0.0021199591383131403,
        0.002236009570861803,
        0.0023699836115494846,
        0.002018409802915386,
        0.0023910015039006944,
        0.0023033319741931984,
        0.0022499907853561307,
        0.0021432537345969136,
        0.0023464120080348154,
        0.002007865198207971,
        0.0022620342273706657,
        0.0022773223886768425,
        0.002418203112445271
    ],
    "avg_sr_list": [
        0.5,
        0.49965915255161014,
        0.49995630626936904,
        0.5006999684213893,
        0.5020716996188108,
        0.5038205939860774,
        0.5060586737188502,
        0.508617678024612,
        0.5128408838363272,
        0.5196029278736665,
        0.5260634604157733
    ],
    "sr_std_list": [
        0.0,
        0.001808087982463518,
        0.004421064338042094,
        0.008473927552820615,
        0.013337379514457433,
        0.01923956561821072,
        0.026270155174101837,
        0.03452312542953728,
        0.04376315330136938,
        0.05590763748256919,
        0.06924599624299181
    ]
}